-- AgroConnect complete PostgreSQL initialization file
-- Use this as database/init.sql with Docker Compose.
-- This file creates the schema, constraints, procedures, triggers, and seed data.

BEGIN;

DROP TABLE IF EXISTS machinery_rental CASCADE;
DROP TABLE IF EXISTS machinery CASCADE;
DROP TABLE IF EXISTS review CASCADE;
DROP TABLE IF EXISTS payment CASCADE;
DROP TABLE IF EXISTS order_product CASCADE;
DROP TABLE IF EXISTS f2c_order CASCADE;
DROP TABLE IF EXISTS product_shoppingcart CASCADE;
DROP TABLE IF EXISTS shopping_cart CASCADE;
DROP TABLE IF EXISTS product CASCADE;
DROP TABLE IF EXISTS carrier CASCADE;
DROP TABLE IF EXISTS category CASCADE;
DROP TABLE IF EXISTS contact_detail CASCADE;
DROP TABLE IF EXISTS farmer CASCADE;
DROP TABLE IF EXISTS customer CASCADE;
DROP TABLE IF EXISTS f2c_user CASCADE;

DROP FUNCTION IF EXISTS calculate_average_farmer_rating(VARCHAR) CASCADE;
DROP FUNCTION IF EXISTS refresh_product_rating(INTEGER) CASCADE;
DROP FUNCTION IF EXISTS review_rating_trigger_fn() CASCADE;
DROP FUNCTION IF EXISTS update_product_stock_status() CASCADE;
DROP FUNCTION IF EXISTS get_customer_cart(VARCHAR) CASCADE;
DROP FUNCTION IF EXISTS get_customer_orders(VARCHAR) CASCADE;

DROP PROCEDURE IF EXISTS register_customer(VARCHAR, VARCHAR, VARCHAR, VARCHAR) CASCADE;
DROP PROCEDURE IF EXISTS register_farmer(VARCHAR, VARCHAR, VARCHAR, VARCHAR) CASCADE;
DROP PROCEDURE IF EXISTS add_product(VARCHAR, VARCHAR, NUMERIC, INTEGER, VARCHAR, INTEGER, VARCHAR) CASCADE;
DROP PROCEDURE IF EXISTS add_to_shopping_cart(VARCHAR, INTEGER) CASCADE;
DROP PROCEDURE IF EXISTS update_cart_quantity(VARCHAR, INTEGER, INTEGER) CASCADE;
DROP PROCEDURE IF EXISTS remove_from_shopping_cart(VARCHAR, INTEGER) CASCADE;
DROP PROCEDURE IF EXISTS add_contact_details(VARCHAR, VARCHAR, VARCHAR, VARCHAR, VARCHAR, VARCHAR, VARCHAR, VARCHAR, BOOLEAN) CASCADE;
DROP PROCEDURE IF EXISTS place_order(VARCHAR) CASCADE;
DROP PROCEDURE IF EXISTS add_review(VARCHAR, INTEGER, NUMERIC, VARCHAR) CASCADE;
DROP PROCEDURE IF EXISTS add_machinery(VARCHAR, VARCHAR, VARCHAR, NUMERIC, VARCHAR) CASCADE;
DROP PROCEDURE IF EXISTS rent_machinery(INTEGER, VARCHAR, DATE, DATE) CASCADE;
DROP PROCEDURE IF EXISTS return_machinery(INTEGER) CASCADE;
DROP PROCEDURE IF EXISTS update_farmer_description(VARCHAR, VARCHAR) CASCADE;

CREATE TABLE f2c_user (
  email VARCHAR(255) PRIMARY KEY,
  fname VARCHAR(100) NOT NULL,
  lname VARCHAR(100),
  password VARCHAR(255) NOT NULL,
  user_type SMALLINT NOT NULL CHECK (user_type IN (0, 1)),
  created_at TIMESTAMP NOT NULL DEFAULT CURRENT_TIMESTAMP,
  CHECK (POSITION('@' IN email) > 1)
);

COMMENT ON COLUMN f2c_user.user_type IS '0 = customer, 1 = farmer';

CREATE TABLE customer (
  customer_id VARCHAR(255) PRIMARY KEY,
  created_at TIMESTAMP NOT NULL DEFAULT CURRENT_TIMESTAMP,
  CONSTRAINT customer_user_fk
    FOREIGN KEY (customer_id) REFERENCES f2c_user(email) ON DELETE CASCADE
);

CREATE TABLE farmer (
  farmer_id VARCHAR(255) PRIMARY KEY,
  description VARCHAR(1000),
  average_rating NUMERIC(2,1) NOT NULL DEFAULT 0 CHECK (average_rating BETWEEN 0 AND 5),
  rating_count INTEGER NOT NULL DEFAULT 0 CHECK (rating_count >= 0),
  created_at TIMESTAMP NOT NULL DEFAULT CURRENT_TIMESTAMP,
  CONSTRAINT farmer_user_fk
    FOREIGN KEY (farmer_id) REFERENCES f2c_user(email) ON DELETE CASCADE
);

CREATE TABLE contact_detail (
  address_id INTEGER GENERATED BY DEFAULT AS IDENTITY PRIMARY KEY,
  user_id VARCHAR(255) NOT NULL,
  street1 VARCHAR(255) NOT NULL,
  street2 VARCHAR(255),
  city VARCHAR(80) NOT NULL,
  state VARCHAR(80) NOT NULL,
  country VARCHAR(80) NOT NULL DEFAULT 'India',
  zipcode VARCHAR(20) NOT NULL,
  phone VARCHAR(20) NOT NULL,
  is_default BOOLEAN NOT NULL DEFAULT FALSE,
  created_at TIMESTAMP NOT NULL DEFAULT CURRENT_TIMESTAMP,
  CONSTRAINT contact_detail_user_fk
    FOREIGN KEY (user_id) REFERENCES f2c_user(email) ON DELETE CASCADE
);

CREATE UNIQUE INDEX one_default_address_per_user
ON contact_detail(user_id)
WHERE is_default = TRUE;

CREATE INDEX idx_contact_detail_user_id ON contact_detail(user_id);

CREATE TABLE category (
  category_id INTEGER GENERATED BY DEFAULT AS IDENTITY PRIMARY KEY,
  category_name VARCHAR(255) NOT NULL UNIQUE
);

CREATE TABLE carrier (
  carrier_id INTEGER GENERATED BY DEFAULT AS IDENTITY PRIMARY KEY,
  carrier_name VARCHAR(255) NOT NULL,
  carrier_phone VARCHAR(20) NOT NULL UNIQUE,
  carrier_email VARCHAR(255) NOT NULL UNIQUE,
  CHECK (POSITION('@' IN carrier_email) > 1)
);

CREATE TABLE product (
  product_id INTEGER GENERATED BY DEFAULT AS IDENTITY PRIMARY KEY,
  name VARCHAR(255) NOT NULL,
  farmer_id VARCHAR(255) NOT NULL,
  price NUMERIC(10,2) NOT NULL CHECK (price >= 0),
  rating NUMERIC(2,1) NOT NULL DEFAULT 0 CHECK (rating BETWEEN 0 AND 5),
  review_count INTEGER NOT NULL DEFAULT 0 CHECK (review_count >= 0),
  category_id INTEGER NOT NULL,
  description VARCHAR(1000),
  available_units INTEGER NOT NULL DEFAULT 0 CHECK (available_units >= 0),
  in_stock BOOLEAN NOT NULL DEFAULT TRUE,
  carrier_id INTEGER,
  created_at TIMESTAMP NOT NULL DEFAULT CURRENT_TIMESTAMP,
  updated_at TIMESTAMP NOT NULL DEFAULT CURRENT_TIMESTAMP,
  CONSTRAINT product_farmer_fk
    FOREIGN KEY (farmer_id) REFERENCES farmer(farmer_id) ON DELETE CASCADE,
  CONSTRAINT product_category_fk
    FOREIGN KEY (category_id) REFERENCES category(category_id) ON DELETE RESTRICT,
  CONSTRAINT product_carrier_fk
    FOREIGN KEY (carrier_id) REFERENCES carrier(carrier_id) ON DELETE SET NULL
);

CREATE INDEX idx_product_farmer_id ON product(farmer_id);
CREATE INDEX idx_product_category_id ON product(category_id);
CREATE INDEX idx_product_in_stock ON product(in_stock);

CREATE TABLE shopping_cart (
  customer_id VARCHAR(255) PRIMARY KEY,
  created_at TIMESTAMP NOT NULL DEFAULT CURRENT_TIMESTAMP,
  updated_at TIMESTAMP NOT NULL DEFAULT CURRENT_TIMESTAMP,
  CONSTRAINT shopping_cart_customer_fk
    FOREIGN KEY (customer_id) REFERENCES customer(customer_id) ON DELETE CASCADE
);

CREATE TABLE product_shoppingcart (
  customer_id VARCHAR(255) NOT NULL,
  product_id INTEGER NOT NULL,
  quantity INTEGER NOT NULL DEFAULT 1 CHECK (quantity > 0),
  added_at TIMESTAMP NOT NULL DEFAULT CURRENT_TIMESTAMP,
  PRIMARY KEY (customer_id, product_id),
  CONSTRAINT cart_customer_fk
    FOREIGN KEY (customer_id) REFERENCES customer(customer_id) ON DELETE CASCADE,
  CONSTRAINT cart_product_fk
    FOREIGN KEY (product_id) REFERENCES product(product_id) ON DELETE CASCADE
);

CREATE INDEX idx_product_shoppingcart_product_id ON product_shoppingcart(product_id);

CREATE TABLE f2c_order (
  order_id INTEGER GENERATED BY DEFAULT AS IDENTITY PRIMARY KEY,
  customer_id VARCHAR(255) NOT NULL,
  total_price NUMERIC(10,2) NOT NULL DEFAULT 0 CHECK (total_price >= 0),
  order_date DATE NOT NULL DEFAULT CURRENT_DATE,
  shipping_price NUMERIC(10,2) NOT NULL DEFAULT 50 CHECK (shipping_price >= 0),
  delivery_address_id INTEGER,
  delivery_date DATE,
  order_status VARCHAR(30) NOT NULL DEFAULT 'Processing'
    CHECK (order_status IN ('Processing', 'In Transit', 'Delivered', 'Cancelled')),
  quantity INTEGER NOT NULL DEFAULT 0 CHECK (quantity >= 0),
  created_at TIMESTAMP NOT NULL DEFAULT CURRENT_TIMESTAMP,
  CONSTRAINT f2c_order_customer_fk
    FOREIGN KEY (customer_id) REFERENCES customer(customer_id) ON DELETE CASCADE,
  CONSTRAINT f2c_order_address_fk
    FOREIGN KEY (delivery_address_id) REFERENCES contact_detail(address_id) ON DELETE SET NULL
);

CREATE INDEX idx_f2c_order_customer_id ON f2c_order(customer_id);
CREATE INDEX idx_f2c_order_status ON f2c_order(order_status);

CREATE TABLE order_product (
  order_id INTEGER NOT NULL,
  product_id INTEGER NOT NULL,
  quantity INTEGER NOT NULL DEFAULT 1 CHECK (quantity > 0),
  price_at_order_time NUMERIC(10,2) NOT NULL CHECK (price_at_order_time >= 0),
  PRIMARY KEY (order_id, product_id),
  CONSTRAINT order_product_order_fk
    FOREIGN KEY (order_id) REFERENCES f2c_order(order_id) ON DELETE CASCADE,
  CONSTRAINT order_product_product_fk
    FOREIGN KEY (product_id) REFERENCES product(product_id) ON DELETE RESTRICT
);

CREATE INDEX idx_order_product_product_id ON order_product(product_id);

CREATE TABLE payment (
  payment_id INTEGER GENERATED BY DEFAULT AS IDENTITY PRIMARY KEY,
  order_id INTEGER NOT NULL,
  customer_id VARCHAR(255) NOT NULL,
  payment_date TIMESTAMP NOT NULL DEFAULT CURRENT_TIMESTAMP,
  amount NUMERIC(10,2) NOT NULL CHECK (amount >= 0),
  payment_method VARCHAR(30) NOT NULL DEFAULT 'Cash On Delivery',
  payment_status VARCHAR(30) NOT NULL DEFAULT 'Pending'
    CHECK (payment_status IN ('Pending', 'Paid', 'Failed', 'Refunded')),
  transaction_id VARCHAR(255),
  CONSTRAINT payment_order_fk
    FOREIGN KEY (order_id) REFERENCES f2c_order(order_id) ON DELETE CASCADE,
  CONSTRAINT payment_customer_fk
    FOREIGN KEY (customer_id) REFERENCES customer(customer_id) ON DELETE CASCADE
);

CREATE INDEX idx_payment_order_id ON payment(order_id);
CREATE INDEX idx_payment_customer_id ON payment(customer_id);

CREATE TABLE review (
  review_id INTEGER GENERATED BY DEFAULT AS IDENTITY PRIMARY KEY,
  product_id INTEGER NOT NULL,
  customer_id VARCHAR(255) NOT NULL,
  review VARCHAR(1000),
  rating NUMERIC(2,1) NOT NULL CHECK (rating BETWEEN 1 AND 5),
  review_date DATE NOT NULL DEFAULT CURRENT_DATE,
  created_at TIMESTAMP NOT NULL DEFAULT CURRENT_TIMESTAMP,
  CONSTRAINT review_product_fk
    FOREIGN KEY (product_id) REFERENCES product(product_id) ON DELETE CASCADE,
  CONSTRAINT review_customer_fk
    FOREIGN KEY (customer_id) REFERENCES customer(customer_id) ON DELETE CASCADE,
  CONSTRAINT unique_customer_product_review UNIQUE (customer_id, product_id)
);

CREATE INDEX idx_review_product_id ON review(product_id);
CREATE INDEX idx_review_customer_id ON review(customer_id);

CREATE TABLE machinery (
  machinery_id INTEGER GENERATED BY DEFAULT AS IDENTITY PRIMARY KEY,
  farmer_id VARCHAR(255) NOT NULL,
  name VARCHAR(255) NOT NULL,
  description TEXT,
  price_per_day NUMERIC(10,2) NOT NULL DEFAULT 0 CHECK (price_per_day >= 0),
  location VARCHAR(255),
  available BOOLEAN NOT NULL DEFAULT TRUE,
  created_at TIMESTAMP NOT NULL DEFAULT CURRENT_TIMESTAMP,
  CONSTRAINT machinery_farmer_fk
    FOREIGN KEY (farmer_id) REFERENCES farmer(farmer_id) ON DELETE CASCADE
);

CREATE INDEX idx_machinery_farmer_id ON machinery(farmer_id);
CREATE INDEX idx_machinery_available ON machinery(available);

CREATE TABLE machinery_rental (
  rental_id INTEGER GENERATED BY DEFAULT AS IDENTITY PRIMARY KEY,
  machinery_id INTEGER NOT NULL,
  renter_id VARCHAR(255) NOT NULL,
  rental_date DATE NOT NULL DEFAULT CURRENT_DATE,
  return_date DATE,
  status VARCHAR(30) NOT NULL DEFAULT 'Active'
    CHECK (status IN ('Active', 'Returned', 'Cancelled')),
  notes VARCHAR(1000),
  CONSTRAINT rental_machinery_fk
    FOREIGN KEY (machinery_id) REFERENCES machinery(machinery_id) ON DELETE CASCADE,
  CONSTRAINT rental_renter_fk
    FOREIGN KEY (renter_id) REFERENCES f2c_user(email) ON DELETE CASCADE
);

CREATE INDEX idx_machinery_rental_machinery_id ON machinery_rental(machinery_id);
CREATE INDEX idx_machinery_rental_renter_id ON machinery_rental(renter_id);
CREATE INDEX idx_machinery_rental_status ON machinery_rental(status);

CREATE OR REPLACE FUNCTION update_product_stock_status()
RETURNS TRIGGER
LANGUAGE plpgsql
AS $$
BEGIN
  NEW.in_stock := COALESCE(NEW.available_units, 0) > 0;
  NEW.updated_at := CURRENT_TIMESTAMP;
  RETURN NEW;
END;
$$;

CREATE TRIGGER trg_update_product_stock_status
BEFORE INSERT OR UPDATE OF available_units
ON product
FOR EACH ROW
EXECUTE FUNCTION update_product_stock_status();

CREATE OR REPLACE FUNCTION refresh_product_rating(p_product_id INTEGER)
RETURNS VOID
LANGUAGE plpgsql
AS $$
BEGIN
  UPDATE product
  SET
    rating = (
      SELECT ROUND(COALESCE(AVG(rating), 0)::numeric, 1)
      FROM review
      WHERE product_id = p_product_id
    ),
    review_count = (
      SELECT COUNT(*)
      FROM review
      WHERE product_id = p_product_id
    )
  WHERE product_id = p_product_id;
END;
$$;

CREATE OR REPLACE FUNCTION review_rating_trigger_fn()
RETURNS TRIGGER
LANGUAGE plpgsql
AS $$
DECLARE
  v_product_id INTEGER;
  v_farmer_id VARCHAR(255);
BEGIN
  IF TG_OP = 'DELETE' THEN
    v_product_id := OLD.product_id;
  ELSE
    v_product_id := NEW.product_id;
  END IF;

  PERFORM refresh_product_rating(v_product_id);

  SELECT farmer_id
  INTO v_farmer_id
  FROM product
  WHERE product_id = v_product_id;

  UPDATE farmer
  SET
    average_rating = (
      SELECT ROUND(COALESCE(AVG(rating), 0)::numeric, 1)
      FROM product
      WHERE farmer_id = v_farmer_id
    ),
    rating_count = (
      SELECT COALESCE(SUM(review_count), 0)
      FROM product
      WHERE farmer_id = v_farmer_id
    )
  WHERE farmer_id = v_farmer_id;

  RETURN COALESCE(NEW, OLD);
END;
$$;

CREATE TRIGGER trg_review_rating_update
AFTER INSERT OR UPDATE OR DELETE
ON review
FOR EACH ROW
EXECUTE FUNCTION review_rating_trigger_fn();

CREATE OR REPLACE FUNCTION calculate_average_farmer_rating(farmer_id_input VARCHAR)
RETURNS NUMERIC
LANGUAGE sql
AS $$
  SELECT ROUND(COALESCE(AVG(rating), 0)::numeric, 1)
  FROM product
  WHERE farmer_id = farmer_id_input;
$$;

CREATE OR REPLACE FUNCTION get_customer_cart(p_customer_id VARCHAR)
RETURNS TABLE (
  product_id INTEGER,
  product_name VARCHAR,
  farmer_id VARCHAR,
  farmer_name TEXT,
  price NUMERIC,
  quantity INTEGER,
  subtotal NUMERIC,
  available_units INTEGER,
  in_stock BOOLEAN
)
LANGUAGE sql
AS $$
  SELECT
    p.product_id,
    p.name AS product_name,
    p.farmer_id,
    CONCAT(u.fname, ' ', COALESCE(u.lname, '')) AS farmer_name,
    p.price,
    sc.quantity,
    p.price * sc.quantity AS subtotal,
    p.available_units,
    p.in_stock
  FROM product_shoppingcart sc
  JOIN product p ON p.product_id = sc.product_id
  JOIN f2c_user u ON u.email = p.farmer_id
  WHERE sc.customer_id = p_customer_id
  ORDER BY sc.added_at DESC;
$$;

CREATE OR REPLACE FUNCTION get_customer_orders(p_customer_id VARCHAR)
RETURNS TABLE (
  order_id INTEGER,
  product_id INTEGER,
  product_name VARCHAR,
  quantity INTEGER,
  price NUMERIC,
  order_date DATE,
  delivery_date DATE,
  status VARCHAR,
  total_price NUMERIC
)
LANGUAGE sql
AS $$
  SELECT
    o.order_id,
    p.product_id,
    p.name AS product_name,
    op.quantity,
    op.price_at_order_time AS price,
    o.order_date,
    o.delivery_date,
    o.order_status AS status,
    o.total_price
  FROM f2c_order o
  JOIN order_product op ON op.order_id = o.order_id
  JOIN product p ON p.product_id = op.product_id
  WHERE o.customer_id = p_customer_id
  ORDER BY o.order_date DESC, o.order_id DESC;
$$;

CREATE OR REPLACE PROCEDURE register_customer(
  IN p_email VARCHAR,
  IN p_fname VARCHAR,
  IN p_lname VARCHAR,
  IN p_password VARCHAR
)
LANGUAGE plpgsql
AS $$
BEGIN
  INSERT INTO f2c_user (email, fname, lname, password, user_type)
  VALUES (LOWER(TRIM(p_email)), p_fname, p_lname, p_password, 0);

  INSERT INTO customer (customer_id)
  VALUES (LOWER(TRIM(p_email)));

  INSERT INTO shopping_cart (customer_id)
  VALUES (LOWER(TRIM(p_email)))
  ON CONFLICT (customer_id) DO NOTHING;
END;
$$;

CREATE OR REPLACE PROCEDURE register_farmer(
  IN p_email VARCHAR,
  IN p_fname VARCHAR,
  IN p_lname VARCHAR,
  IN p_password VARCHAR
)
LANGUAGE plpgsql
AS $$
BEGIN
  INSERT INTO f2c_user (email, fname, lname, password, user_type)
  VALUES (LOWER(TRIM(p_email)), p_fname, p_lname, p_password, 1);

  INSERT INTO farmer (farmer_id, description, average_rating, rating_count)
  VALUES (LOWER(TRIM(p_email)), 'Farmer profile description not added yet.', 0, 0);
END;
$$;

CREATE OR REPLACE PROCEDURE add_product(
  IN p_name VARCHAR,
  IN p_farmer_id VARCHAR,
  IN p_price NUMERIC,
  IN p_category_id INTEGER,
  IN p_description VARCHAR,
  IN p_available_units INTEGER,
  IN p_carrier_phone VARCHAR
)
LANGUAGE plpgsql
AS $$
DECLARE
  v_carrier_id INTEGER;
BEGIN
  SELECT carrier_id
  INTO v_carrier_id
  FROM carrier
  WHERE carrier_phone = p_carrier_phone
  LIMIT 1;

  IF v_carrier_id IS NULL THEN
    RAISE EXCEPTION 'No carrier found with phone number %', p_carrier_phone;
  END IF;

  INSERT INTO product (
    name,
    farmer_id,
    price,
    category_id,
    description,
    available_units,
    carrier_id
  )
  VALUES (
    p_name,
    LOWER(TRIM(p_farmer_id)),
    p_price,
    p_category_id,
    p_description,
    p_available_units,
    v_carrier_id
  );
END;
$$;

CREATE OR REPLACE PROCEDURE add_to_shopping_cart(
  IN p_customer_id VARCHAR,
  IN p_product_id INTEGER
)
LANGUAGE plpgsql
AS $$
BEGIN
  INSERT INTO shopping_cart (customer_id)
  VALUES (LOWER(TRIM(p_customer_id)))
  ON CONFLICT (customer_id) DO NOTHING;

  IF NOT EXISTS (
    SELECT 1
    FROM product
    WHERE product_id = p_product_id
      AND in_stock = TRUE
      AND available_units > 0
  ) THEN
    RAISE EXCEPTION 'Product % is not available', p_product_id;
  END IF;

  INSERT INTO product_shoppingcart (customer_id, product_id, quantity)
  VALUES (LOWER(TRIM(p_customer_id)), p_product_id, 1)
  ON CONFLICT (customer_id, product_id)
  DO UPDATE SET
    quantity = product_shoppingcart.quantity + 1,
    added_at = CURRENT_TIMESTAMP;
END;
$$;

CREATE OR REPLACE PROCEDURE update_cart_quantity(
  IN p_customer_id VARCHAR,
  IN p_product_id INTEGER,
  IN p_quantity INTEGER
)
LANGUAGE plpgsql
AS $$
DECLARE
  v_available_units INTEGER;
BEGIN
  IF p_quantity <= 0 THEN
    DELETE FROM product_shoppingcart
    WHERE customer_id = LOWER(TRIM(p_customer_id))
      AND product_id = p_product_id;
    RETURN;
  END IF;

  SELECT available_units
  INTO v_available_units
  FROM product
  WHERE product_id = p_product_id;

  IF v_available_units IS NULL THEN
    RAISE EXCEPTION 'Product % not found', p_product_id;
  END IF;

  IF p_quantity > v_available_units THEN
    RAISE EXCEPTION 'Only % units available for product %', v_available_units, p_product_id;
  END IF;

  UPDATE product_shoppingcart
  SET quantity = p_quantity
  WHERE customer_id = LOWER(TRIM(p_customer_id))
    AND product_id = p_product_id;
END;
$$;

CREATE OR REPLACE PROCEDURE remove_from_shopping_cart(
  IN p_customer_id VARCHAR,
  IN p_product_id INTEGER
)
LANGUAGE plpgsql
AS $$
BEGIN
  DELETE FROM product_shoppingcart
  WHERE customer_id = LOWER(TRIM(p_customer_id))
    AND product_id = p_product_id;
END;
$$;

CREATE OR REPLACE PROCEDURE add_contact_details(
  IN p_user_id VARCHAR,
  IN p_street1 VARCHAR,
  IN p_street2 VARCHAR,
  IN p_city VARCHAR,
  IN p_state VARCHAR,
  IN p_country VARCHAR,
  IN p_zipcode VARCHAR,
  IN p_phone VARCHAR,
  IN p_is_default BOOLEAN DEFAULT TRUE
)
LANGUAGE plpgsql
AS $$
DECLARE
  v_user_id VARCHAR(255) := LOWER(TRIM(p_user_id));
BEGIN
  IF p_is_default THEN
    UPDATE contact_detail
    SET is_default = FALSE
    WHERE user_id = v_user_id;
  END IF;

  INSERT INTO contact_detail (
    user_id,
    street1,
    street2,
    city,
    state,
    country,
    zipcode,
    phone,
    is_default
  )
  VALUES (
    v_user_id,
    p_street1,
    p_street2,
    p_city,
    p_state,
    p_country,
    p_zipcode,
    p_phone,
    p_is_default
  );
END;
$$;

CREATE OR REPLACE PROCEDURE place_order(
  IN p_customer_id VARCHAR
)
LANGUAGE plpgsql
AS $$
DECLARE
  v_customer_id VARCHAR(255) := LOWER(TRIM(p_customer_id));
  v_order_id INTEGER;
  v_address_id INTEGER;
  v_total_price NUMERIC(10,2);
  v_quantity INTEGER;
BEGIN
  SELECT address_id
  INTO v_address_id
  FROM contact_detail
  WHERE user_id = v_customer_id
  ORDER BY is_default DESC, address_id DESC
  LIMIT 1;

  IF v_address_id IS NULL THEN
    RAISE EXCEPTION 'No delivery address found for customer %', v_customer_id;
  END IF;

  SELECT
    COALESCE(SUM(sc.quantity), 0),
    COALESCE(SUM(p.price * sc.quantity), 0)
  INTO
    v_quantity,
    v_total_price
  FROM product_shoppingcart sc
  JOIN product p ON p.product_id = sc.product_id
  WHERE sc.customer_id = v_customer_id;

  IF v_quantity = 0 THEN
    RAISE EXCEPTION 'Cart is empty for customer %', v_customer_id;
  END IF;

  IF EXISTS (
    SELECT 1
    FROM product_shoppingcart sc
    JOIN product p ON p.product_id = sc.product_id
    WHERE sc.customer_id = v_customer_id
      AND (p.in_stock = FALSE OR p.available_units < sc.quantity)
  ) THEN
    RAISE EXCEPTION 'One or more products are out of stock or below requested quantity';
  END IF;

  INSERT INTO f2c_order (
    customer_id,
    total_price,
    order_date,
    shipping_price,
    delivery_address_id,
    delivery_date,
    order_status,
    quantity
  )
  VALUES (
    v_customer_id,
    v_total_price,
    CURRENT_DATE,
    50,
    v_address_id,
    CURRENT_DATE + 3,
    'Processing',
    v_quantity
  )
  RETURNING order_id INTO v_order_id;

  INSERT INTO order_product (order_id, product_id, quantity, price_at_order_time)
  SELECT
    v_order_id,
    sc.product_id,
    sc.quantity,
    p.price
  FROM product_shoppingcart sc
  JOIN product p ON p.product_id = sc.product_id
  WHERE sc.customer_id = v_customer_id;

  UPDATE product p
  SET available_units = p.available_units - sc.quantity
  FROM product_shoppingcart sc
  WHERE sc.product_id = p.product_id
    AND sc.customer_id = v_customer_id;

  INSERT INTO payment (order_id, customer_id, amount, payment_method, payment_status)
  VALUES (v_order_id, v_customer_id, v_total_price + 50, 'Cash On Delivery', 'Pending');

  DELETE FROM product_shoppingcart
  WHERE customer_id = v_customer_id;
END;
$$;

CREATE OR REPLACE PROCEDURE add_review(
  IN p_customer_id VARCHAR,
  IN p_product_id INTEGER,
  IN p_rating NUMERIC,
  IN p_review VARCHAR
)
LANGUAGE plpgsql
AS $$
BEGIN
  IF NOT EXISTS (
    SELECT 1
    FROM f2c_order o
    JOIN order_product op ON op.order_id = o.order_id
    WHERE o.customer_id = LOWER(TRIM(p_customer_id))
      AND op.product_id = p_product_id
  ) THEN
    RAISE EXCEPTION 'Customer can review only purchased products';
  END IF;

  INSERT INTO review (product_id, customer_id, rating, review, review_date)
  VALUES (p_product_id, LOWER(TRIM(p_customer_id)), p_rating, p_review, CURRENT_DATE)
  ON CONFLICT (customer_id, product_id)
  DO UPDATE SET
    rating = EXCLUDED.rating,
    review = EXCLUDED.review,
    review_date = CURRENT_DATE,
    created_at = CURRENT_TIMESTAMP;
END;
$$;

CREATE OR REPLACE PROCEDURE add_machinery(
  IN p_farmer_id VARCHAR,
  IN p_name VARCHAR,
  IN p_description VARCHAR,
  IN p_price_per_day NUMERIC,
  IN p_location VARCHAR
)
LANGUAGE plpgsql
AS $$
BEGIN
  INSERT INTO machinery (farmer_id, name, description, price_per_day, location, available)
  VALUES (LOWER(TRIM(p_farmer_id)), p_name, p_description, p_price_per_day, p_location, TRUE);
END;
$$;

CREATE OR REPLACE PROCEDURE rent_machinery(
  IN p_machinery_id INTEGER,
  IN p_renter_id VARCHAR,
  IN p_rental_date DATE DEFAULT CURRENT_DATE,
  IN p_return_date DATE DEFAULT NULL
)
LANGUAGE plpgsql
AS $$
BEGIN
  IF NOT EXISTS (
    SELECT 1 FROM machinery WHERE machinery_id = p_machinery_id AND available = TRUE
  ) THEN
    RAISE EXCEPTION 'Machinery % is not available', p_machinery_id;
  END IF;

  INSERT INTO machinery_rental (machinery_id, renter_id, rental_date, return_date, status)
  VALUES (p_machinery_id, LOWER(TRIM(p_renter_id)), p_rental_date, p_return_date, 'Active');

  UPDATE machinery
  SET available = FALSE
  WHERE machinery_id = p_machinery_id;
END;
$$;

CREATE OR REPLACE PROCEDURE return_machinery(
  IN p_rental_id INTEGER
)
LANGUAGE plpgsql
AS $$
DECLARE
  v_machinery_id INTEGER;
BEGIN
  SELECT machinery_id
  INTO v_machinery_id
  FROM machinery_rental
  WHERE rental_id = p_rental_id;

  IF v_machinery_id IS NULL THEN
    RAISE EXCEPTION 'Rental % not found', p_rental_id;
  END IF;

  UPDATE machinery_rental
  SET status = 'Returned', return_date = COALESCE(return_date, CURRENT_DATE)
  WHERE rental_id = p_rental_id;

  UPDATE machinery
  SET available = TRUE
  WHERE machinery_id = v_machinery_id;
END;
$$;

CREATE OR REPLACE PROCEDURE update_farmer_description(
  IN p_farmer_id VARCHAR,
  IN p_description VARCHAR
)
LANGUAGE plpgsql
AS $$
BEGIN
  UPDATE farmer
  SET description = p_description
  WHERE farmer_id = LOWER(TRIM(p_farmer_id));
END;
$$;

-- Seed data
INSERT INTO f2c_user (email, fname, lname, password, user_type) VALUES
('rajesh.farmer@example.com', 'Rajesh', 'Kumar', 'password123', 1),
('priya.farmer@example.com', 'Priya', 'Singh', 'password123', 1),
('vikram.farmer@example.com', 'Vikram', 'Patil', 'password123', 1),
('sunita.farmer@example.com', 'Sunita', 'Dubey', 'password123', 1),
('sachin.customer@example.com', 'Sachin', 'Akash', 'password123', 0),
('krishna.customer@example.com', 'Krishna', 'Mohan', 'password123', 0),
('srinivas.customer@example.com', 'Srinivas', 'G', 'password123', 0);

INSERT INTO farmer (farmer_id, description) VALUES
('rajesh.farmer@example.com', 'Vegetable farmer specializing in organic tomatoes, brinjal, and greens.'),
('priya.farmer@example.com', 'Fruit grower supplying fresh seasonal apples, bananas, and mangoes.'),
('vikram.farmer@example.com', 'Dairy and grains supplier with locally sourced products.'),
('sunita.farmer@example.com', 'Mixed crop farmer and farm machinery rental provider.');

INSERT INTO customer (customer_id) VALUES
('sachin.customer@example.com'),
('krishna.customer@example.com'),
('srinivas.customer@example.com');

INSERT INTO shopping_cart (customer_id) VALUES
('sachin.customer@example.com'),
('krishna.customer@example.com'),
('srinivas.customer@example.com');

INSERT INTO category (category_id, category_name) VALUES
(1, 'Vegetables'),
(2, 'Fruits'),
(3, 'Dairy Products'),
(4, 'Grains'),
(5, 'Machinery Accessories');

INSERT INTO carrier (carrier_id, carrier_name, carrier_phone, carrier_email) VALUES
(1, 'Agro Express Logistics', '9876543210', 'express@agroconnect.test'),
(2, 'Fresh Route Delivery', '9876543211', 'freshroute@agroconnect.test'),
(3, 'Village Carrier Service', '9876543212', 'villagecarrier@agroconnect.test');

INSERT INTO contact_detail (user_id, street1, street2, city, state, country, zipcode, phone, is_default) VALUES
('sachin.customer@example.com', '12 Market Road', 'Near Bus Stand', 'Vijayawada', 'Andhra Pradesh', 'India', '520001', '9000000001', TRUE),
('krishna.customer@example.com', '45 Lake View Colony', NULL, 'Guntur', 'Andhra Pradesh', 'India', '522002', '9000000002', TRUE),
('srinivas.customer@example.com', '8 Green Street', 'Apt 2B', 'Nellore', 'Andhra Pradesh', 'India', '524001', '9000000003', TRUE),
('rajesh.farmer@example.com', 'Farm House 1', 'Village Road', 'Tenali', 'Andhra Pradesh', 'India', '522201', '9000000011', TRUE),
('priya.farmer@example.com', 'Orchard Lane', NULL, 'Nashik', 'Maharashtra', 'India', '422001', '9000000012', TRUE),
('vikram.farmer@example.com', 'Dairy Farm Road', NULL, 'Pune', 'Maharashtra', 'India', '411001', '9000000013', TRUE);

INSERT INTO product (product_id, name, farmer_id, price, category_id, description, available_units, carrier_id) VALUES
(1, 'Organic Tomatoes', 'rajesh.farmer@example.com', 40.00, 1, 'Fresh organic tomatoes harvested this morning.', 80, 1),
(2, 'Brinjal', 'rajesh.farmer@example.com', 35.00, 1, 'Tender purple brinjal from chemical-free farms.', 45, 1),
(3, 'Fresh Apples', 'priya.farmer@example.com', 120.00, 2, 'Crisp seasonal apples packed carefully.', 60, 2),
(4, 'Bananas', 'priya.farmer@example.com', 50.00, 2, 'Naturally ripened bananas.', 100, 2),
(5, 'Farm Fresh Milk', 'vikram.farmer@example.com', 65.00, 3, 'Fresh cow milk supplied daily.', 40, 3),
(6, 'Premium Rice', 'vikram.farmer@example.com', 75.00, 4, 'Premium quality rice, cleaned and packed.', 120, 3),
(7, 'Onions', 'sunita.farmer@example.com', 30.00, 1, 'Fresh onions suitable for daily cooking.', 90, 1),
(8, 'Mangoes', 'priya.farmer@example.com', 150.00, 2, 'Sweet mangoes from local orchards.', 35, 2);

INSERT INTO product_shoppingcart (customer_id, product_id, quantity) VALUES
('sachin.customer@example.com', 1, 2),
('sachin.customer@example.com', 3, 1),
('krishna.customer@example.com', 5, 2);

INSERT INTO f2c_order (order_id, customer_id, total_price, order_date, shipping_price, delivery_address_id, delivery_date, order_status, quantity) VALUES
(1, 'sachin.customer@example.com', 160.00, CURRENT_DATE - 7, 50.00, 1, CURRENT_DATE - 4, 'Delivered', 3),
(2, 'krishna.customer@example.com', 150.00, CURRENT_DATE - 3, 50.00, 2, CURRENT_DATE, 'In Transit', 2),
(3, 'srinivas.customer@example.com', 225.00, CURRENT_DATE - 1, 50.00, 3, CURRENT_DATE + 2, 'Processing', 3);

INSERT INTO order_product (order_id, product_id, quantity, price_at_order_time) VALUES
(1, 1, 2, 40.00),
(1, 4, 1, 80.00),
(2, 5, 2, 75.00),
(3, 6, 3, 75.00);

INSERT INTO payment (order_id, customer_id, amount, payment_method, payment_status) VALUES
(1, 'sachin.customer@example.com', 210.00, 'Cash On Delivery', 'Paid'),
(2, 'krishna.customer@example.com', 200.00, 'Cash On Delivery', 'Pending'),
(3, 'srinivas.customer@example.com', 275.00, 'Cash On Delivery', 'Pending');

INSERT INTO review (product_id, customer_id, review, rating, review_date) VALUES
(1, 'sachin.customer@example.com', 'Fresh and high quality vegetables. Highly recommended!', 5, CURRENT_DATE - 5),
(4, 'sachin.customer@example.com', 'Good quality bananas and quick delivery.', 4, CURRENT_DATE - 4),
(5, 'krishna.customer@example.com', 'Milk was fresh and packed well.', 5, CURRENT_DATE - 2),
(6, 'srinivas.customer@example.com', 'Rice quality is good for daily use.', 4, CURRENT_DATE - 1);

INSERT INTO machinery (machinery_id, farmer_id, name, description, price_per_day, location, available) VALUES
(1, 'rajesh.farmer@example.com', 'Tractor 50HP', 'Fuel-efficient tractor suitable for ploughing and transport.', 600.00, 'Tenali', TRUE),
(2, 'priya.farmer@example.com', 'Combine Harvester', 'Harvester for rice and wheat crops.', 1200.00, 'Nashik', TRUE),
(3, 'vikram.farmer@example.com', 'Irrigation Pump', 'Diesel pump for irrigation support.', 300.00, 'Pune', TRUE),
(4, 'sunita.farmer@example.com', 'Thresher', 'Compact thresher for small farms.', 400.00, 'Guntur', TRUE),
(5, 'rajesh.farmer@example.com', 'Plow Set', 'Heavy-duty plow set for soil preparation.', 250.00, 'Tenali', FALSE);

INSERT INTO machinery_rental (machinery_id, renter_id, rental_date, return_date, status, notes) VALUES
(5, 'krishna.customer@example.com', CURRENT_DATE - 2, CURRENT_DATE + 5, 'Active', 'Needed for soil preparation this week.');

-- Keep identity counters correct after explicit seed IDs.
SELECT setval(pg_get_serial_sequence('category', 'category_id'), COALESCE((SELECT MAX(category_id) FROM category), 1), true);
SELECT setval(pg_get_serial_sequence('carrier', 'carrier_id'), COALESCE((SELECT MAX(carrier_id) FROM carrier), 1), true);
SELECT setval(pg_get_serial_sequence('product', 'product_id'), COALESCE((SELECT MAX(product_id) FROM product), 1), true);
SELECT setval(pg_get_serial_sequence('f2c_order', 'order_id'), COALESCE((SELECT MAX(order_id) FROM f2c_order), 1), true);
SELECT setval(pg_get_serial_sequence('contact_detail', 'address_id'), COALESCE((SELECT MAX(address_id) FROM contact_detail), 1), true);
SELECT setval(pg_get_serial_sequence('payment', 'payment_id'), COALESCE((SELECT MAX(payment_id) FROM payment), 1), true);
SELECT setval(pg_get_serial_sequence('review', 'review_id'), COALESCE((SELECT MAX(review_id) FROM review), 1), true);
SELECT setval(pg_get_serial_sequence('machinery', 'machinery_id'), COALESCE((SELECT MAX(machinery_id) FROM machinery), 1), true);
SELECT setval(pg_get_serial_sequence('machinery_rental', 'rental_id'), COALESCE((SELECT MAX(rental_id) FROM machinery_rental), 1), true);

COMMIT;
